State,Total Funds for 2021 (in billions),Estimated Population (2019),Funds Per Person (2021)
Wyoming,1.068,578759,1845.3276752499744
Vermont,1.049,623989,1681.1193787069965
Alaska,1.011,731545,1382.0065751252484
North Dakota,1.007,762062,1321.41479302209
Hawaii,1.641,1415872,1159.0030737241784
